{
  "experiment_id": "CNN-LSTM_G3",
  "model": "CNN-LSTM",
  "group": "G3",
  "n_features": 33,
  "accuracy_mean": 0.485337,
  "accuracy_std": 0.033542,
  "accuracy_values": [
    0.479167,
    0.424332,
    0.479167,
    0.529762,
    0.514881,
    0.477745,
    0.492308
  ],
  "precision_macro_mean": 0.318394,
  "precision_macro_std": 0.13747,
  "precision_macro_values": [
    0.239583,
    0.212166,
    0.239583,
    0.264881,
    0.546296,
    0.238872,
    0.487374
  ],
  "recall_macro_mean": 0.502043,
  "recall_macro_std": 0.010881,
  "recall_macro_values": [
    0.5,
    0.5,
    0.5,
    0.5,
    0.525001,
    0.5,
    0.489299
  ],
  "f1_macro_mean": 0.363385,
  "f1_macro_std": 0.070335,
  "f1_macro_values": [
    0.323944,
    0.297917,
    0.323944,
    0.346304,
    0.457823,
    0.323293,
    0.47047
  ],
  "f1_weighted_mean": 0.353465,
  "f1_weighted_std": 0.081548,
  "f1_weighted_values": [
    0.310446,
    0.252831,
    0.310446,
    0.366917,
    0.452588,
    0.308903,
    0.472124
  ],
  "roc_auc_mean": 0.514424,
  "roc_auc_std": 0.038219,
  "roc_auc_values": [
    0.583283,
    0.476912,
    0.49984,
    0.497155,
    0.515196,
    0.546725,
    0.481856
  ],
  "mcc_mean": 0.006399,
  "mcc_std": 0.02853,
  "mcc_values": [
    0.0,
    0.0,
    0.0,
    0.0,
    0.068043,
    0.0,
    -0.023247
  ],
  "log_loss_mean": 0.698872,
  "log_loss_std": 0.006705,
  "log_loss_values": [
    0.699456,
    0.700096,
    0.713042,
    0.694496,
    0.69441,
    0.696436,
    0.694169
  ],
  "accuracy_ci_lower": 0.465631,
  "accuracy_ci_upper": 0.506189,
  "precision_macro_ci_lower": 0.46092,
  "precision_macro_ci_upper": 0.539887,
  "recall_macro_ci_lower": 0.490201,
  "recall_macro_ci_upper": 0.509762,
  "f1_macro_ci_lower": 0.361282,
  "f1_macro_ci_upper": 0.394078,
  "f1_weighted_ci_lower": 0.345027,
  "f1_weighted_ci_upper": 0.391972,
  "roc_auc_ci_lower": 0.494638,
  "roc_auc_ci_upper": 0.54228,
  "mcc_ci_lower": -0.038779,
  "mcc_ci_upper": 0.03957
}