{
  "experiment_id": "CNN-LSTM_G2",
  "model": "CNN-LSTM",
  "group": "G2",
  "n_features": 23,
  "accuracy_mean": 0.49516,
  "accuracy_std": 0.0191,
  "accuracy_values": [
    0.479167,
    0.47181,
    0.491071,
    0.529762,
    0.491071,
    0.495549,
    0.507692
  ],
  "precision_macro_mean": 0.411584,
  "precision_macro_std": 0.149424,
  "precision_macro_values": [
    0.239583,
    0.549512,
    0.517927,
    0.264881,
    0.509046,
    0.54629,
    0.253846
  ],
  "recall_macro_mean": 0.507153,
  "recall_macro_std": 0.009654,
  "recall_macro_values": [
    0.5,
    0.525611,
    0.507205,
    0.5,
    0.503121,
    0.514134,
    0.5
  ],
  "f1_macro_mean": 0.378556,
  "f1_macro_std": 0.04165,
  "f1_macro_values": [
    0.323944,
    0.428269,
    0.412317,
    0.346304,
    0.399843,
    0.402482,
    0.336735
  ],
  "f1_weighted_mean": 0.373127,
  "f1_weighted_std": 0.03554,
  "f1_weighted_values": [
    0.310446,
    0.404392,
    0.403353,
    0.366917,
    0.392879,
    0.391986,
    0.341915
  ],
  "roc_auc_mean": 0.530993,
  "roc_auc_std": 0.030746,
  "roc_auc_values": [
    0.590417,
    0.530784,
    0.499805,
    0.504445,
    0.518316,
    0.547537,
    0.525644
  ],
  "mcc_mean": 0.022248,
  "mcc_std": 0.028444,
  "mcc_values": [
    0.0,
    0.07122,
    0.02273,
    0.0,
    0.010626,
    0.051157,
    0.0
  ],
  "log_loss_mean": 0.70257,
  "log_loss_std": 0.010264,
  "log_loss_values": [
    0.703536,
    0.707541,
    0.722628,
    0.695842,
    0.694161,
    0.69332,
    0.700963
  ],
  "accuracy_ci_lower": 0.475886,
  "accuracy_ci_upper": 0.516432,
  "precision_macro_ci_lower": 0.498528,
  "precision_macro_ci_upper": 0.579831,
  "recall_macro_ci_lower": 0.499662,
  "recall_macro_ci_upper": 0.519428,
  "f1_macro_ci_lower": 0.370563,
  "f1_macro_ci_upper": 0.403019,
  "f1_weighted_ci_lower": 0.355138,
  "f1_weighted_ci_upper": 0.402815,
  "roc_auc_ci_lower": 0.499153,
  "roc_auc_ci_upper": 0.547203,
  "mcc_ci_lower": -0.00145,
  "mcc_ci_upper": 0.079411
}