{
  "experiment_id": "CNN-LSTM_G0",
  "model": "CNN-LSTM",
  "group": "G0",
  "n_features": 5,
  "accuracy_mean": 0.488808,
  "accuracy_std": 0.032206,
  "accuracy_values": [
    0.511905,
    0.430267,
    0.479167,
    0.529762,
    0.485119,
    0.477745,
    0.507692
  ],
  "precision_macro_mean": 0.320483,
  "precision_macro_std": 0.125229,
  "precision_macro_values": [
    0.529365,
    0.474277,
    0.239583,
    0.264881,
    0.24256,
    0.238872,
    0.253846
  ],
  "recall_macro_mean": 0.501812,
  "recall_macro_std": 0.009684,
  "recall_macro_values": [
    0.522236,
    0.490448,
    0.5,
    0.5,
    0.5,
    0.5,
    0.5
  ],
  "f1_macro_mean": 0.358031,
  "f1_macro_std": 0.05809,
  "f1_macro_values": [
    0.485586,
    0.363701,
    0.323944,
    0.346304,
    0.326653,
    0.323293,
    0.336735
  ],
  "f1_weighted_mean": 0.351201,
  "f1_weighted_std": 0.06067,
  "f1_weighted_values": [
    0.480738,
    0.332555,
    0.310446,
    0.366917,
    0.316931,
    0.308903,
    0.341915
  ],
  "roc_auc_mean": 0.514379,
  "roc_auc_std": 0.029404,
  "roc_auc_values": [
    0.548962,
    0.475236,
    0.528607,
    0.525441,
    0.472357,
    0.533456,
    0.516591
  ],
  "mcc_mean": 0.002822,
  "mcc_std": 0.024286,
  "mcc_values": [
    0.051106,
    -0.031351,
    0.0,
    0.0,
    0.0,
    0.0,
    0.0
  ],
  "log_loss_mean": 0.705286,
  "log_loss_std": 0.021945,
  "log_loss_values": [
    0.700419,
    0.754331,
    0.701,
    0.691324,
    0.696766,
    0.699975,
    0.693189
  ],
  "accuracy_ci_lower": 0.469046,
  "accuracy_ci_upper": 0.508323,
  "precision_macro_ci_lower": 0.475553,
  "precision_macro_ci_upper": 0.563206,
  "recall_macro_ci_lower": 0.495292,
  "recall_macro_ci_upper": 0.512424,
  "f1_macro_ci_lower": 0.35573,
  "f1_macro_ci_upper": 0.387797,
  "f1_weighted_ci_lower": 0.339104,
  "f1_weighted_ci_upper": 0.38503,
  "roc_auc_ci_lower": 0.478522,
  "roc_auc_ci_upper": 0.523094,
  "mcc_ci_lower": -0.021417,
  "mcc_ci_upper": 0.055875
}