{
  "experiment_id": "CNN-LSTM_G1",
  "model": "CNN-LSTM",
  "group": "G1",
  "n_features": 15,
  "accuracy_mean": 0.480307,
  "accuracy_std": 0.033153,
  "accuracy_values": [
    0.479167,
    0.424332,
    0.479167,
    0.529762,
    0.464286,
    0.477745,
    0.507692
  ],
  "precision_macro_mean": 0.266466,
  "precision_macro_std": 0.068041,
  "precision_macro_values": [
    0.239583,
    0.212166,
    0.239583,
    0.264881,
    0.416334,
    0.238872,
    0.253846
  ],
  "recall_macro_mean": 0.496705,
  "recall_macro_std": 0.008719,
  "recall_macro_values": [
    0.5,
    0.5,
    0.5,
    0.5,
    0.476932,
    0.5,
    0.5
  ],
  "f1_macro_mean": 0.329674,
  "f1_macro_std": 0.018764,
  "f1_macro_values": [
    0.323944,
    0.297917,
    0.323944,
    0.346304,
    0.355581,
    0.323293,
    0.336735
  ],
  "f1_weighted_mean": 0.31988,
  "f1_weighted_std": 0.037118,
  "f1_weighted_values": [
    0.310446,
    0.252831,
    0.310446,
    0.366917,
    0.347704,
    0.308903,
    0.341915
  ],
  "roc_auc_mean": 0.52455,
  "roc_auc_std": 0.028203,
  "roc_auc_values": [
    0.563407,
    0.504073,
    0.538882,
    0.491929,
    0.492482,
    0.53642,
    0.544659
  ],
  "mcc_mean": -0.012552,
  "mcc_std": 0.033209,
  "mcc_values": [
    0.0,
    0.0,
    0.0,
    0.0,
    -0.087864,
    0.0,
    0.0
  ],
  "log_loss_mean": 0.703701,
  "log_loss_std": 0.010376,
  "log_loss_values": [
    0.700655,
    0.717991,
    0.719175,
    0.693963,
    0.698033,
    0.699052,
    0.697035
  ],
  "accuracy_ci_lower": 0.460948,
  "accuracy_ci_upper": 0.499808,
  "precision_macro_ci_lower": 0.331545,
  "precision_macro_ci_upper": 0.518268,
  "recall_macro_ci_lower": 0.492154,
  "recall_macro_ci_upper": 0.500633,
  "f1_macro_ci_lower": 0.320527,
  "f1_macro_ci_upper": 0.341242,
  "f1_weighted_ci_lower": 0.298974,
  "f1_weighted_ci_upper": 0.342649,
  "roc_auc_ci_lower": 0.494125,
  "roc_auc_ci_upper": 0.53988,
  "mcc_ci_lower": -0.071411,
  "mcc_ci_upper": 0.006796
}