{
  "experiment_id": "DualEncoder_G3",
  "model": "DualEncoder",
  "group": "G3",
  "n_features": 33,
  "accuracy_mean": 0.488362,
  "accuracy_std": 0.022389,
  "accuracy_values": [
    0.479167,
    0.480712,
    0.479167,
    0.529762,
    0.464286,
    0.477745,
    0.507692
  ],
  "precision_macro_mean": 0.313713,
  "precision_macro_std": 0.114022,
  "precision_macro_values": [
    0.239583,
    0.493769,
    0.239583,
    0.264881,
    0.465455,
    0.238872,
    0.253846
  ],
  "recall_macro_mean": 0.494707,
  "recall_macro_std": 0.011511,
  "recall_macro_values": [
    0.5,
    0.493818,
    0.5,
    0.5,
    0.46913,
    0.5,
    0.5
  ],
  "f1_macro_mean": 0.369573,
  "f1_macro_std": 0.067182,
  "f1_macro_values": [
    0.323944,
    0.480639,
    0.323944,
    0.346304,
    0.452154,
    0.323293,
    0.336735
  ],
  "f1_weighted_mean": 0.366866,
  "f1_weighted_std": 0.070649,
  "f1_weighted_values": [
    0.310446,
    0.479706,
    0.310446,
    0.366917,
    0.449728,
    0.308903,
    0.341915
  ],
  "roc_auc_mean": 0.505085,
  "roc_auc_std": 0.025848,
  "roc_auc_values": [
    0.5463,
    0.49571,
    0.500905,
    0.531148,
    0.486578,
    0.504253,
    0.470701
  ],
  "mcc_mean": -0.011104,
  "mcc_std": 0.024347,
  "mcc_values": [
    0.0,
    -0.012413,
    0.0,
    0.0,
    -0.065312,
    0.0,
    0.0
  ],
  "log_loss_mean": 0.699212,
  "log_loss_std": 0.009548,
  "log_loss_values": [
    0.718216,
    0.691073,
    0.705304,
    0.693251,
    0.696999,
    0.696145,
    0.693498
  ],
  "accuracy_ci_lower": 0.468203,
  "accuracy_ci_upper": 0.508323,
  "precision_macro_ci_lower": 0.4697,
  "precision_macro_ci_upper": 0.535871,
  "recall_macro_ci_lower": 0.488337,
  "recall_macro_ci_upper": 0.513918,
  "f1_macro_ci_lower": 0.385538,
  "f1_macro_ci_upper": 0.422204,
  "f1_weighted_ci_lower": 0.374051,
  "f1_weighted_ci_upper": 0.42002,
  "roc_auc_ci_lower": 0.488019,
  "roc_auc_ci_upper": 0.536235,
  "mcc_ci_lower": -0.037585,
  "mcc_ci_upper": 0.044752
}