{
  "experiment_id": "MLPDualEncoder_G3",
  "model": "MLPDualEncoder",
  "group": "G3",
  "n_features": 33,
  "accuracy_mean": 0.627068,
  "accuracy_std": 0.070774,
  "accuracy_values": [
    0.632877,
    0.68306,
    0.575342,
    0.610959,
    0.69589,
    0.688525,
    0.502825
  ],
  "precision_macro_mean": 0.65959,
  "precision_macro_std": 0.072517,
  "precision_macro_values": [
    0.641998,
    0.705649,
    0.660838,
    0.703012,
    0.695161,
    0.705386,
    0.505085
  ],
  "recall_macro_mean": 0.619512,
  "recall_macro_std": 0.06467,
  "recall_macro_values": [
    0.635054,
    0.647213,
    0.590916,
    0.58974,
    0.691629,
    0.679206,
    0.502825
  ],
  "f1_macro_mean": 0.591959,
  "f1_macro_std": 0.091593,
  "f1_macro_values": [
    0.629065,
    0.640447,
    0.531202,
    0.53564,
    0.692194,
    0.674489,
    0.440678
  ],
  "f1_weighted_mean": 0.595806,
  "f1_weighted_std": 0.094028,
  "f1_weighted_values": [
    0.628344,
    0.658033,
    0.524502,
    0.5464,
    0.694504,
    0.678183,
    0.440678
  ],
  "roc_auc_mean": 0.714348,
  "roc_auc_std": 0.109039,
  "roc_auc_values": [
    0.674055,
    0.762046,
    0.753957,
    0.78151,
    0.757195,
    0.789452,
    0.482221
  ],
  "mcc_mean": 0.273544,
  "mcc_std": 0.130552,
  "mcc_values": [
    0.276965,
    0.34799,
    0.241849,
    0.26995,
    0.386774,
    0.383699,
    0.00758
  ],
  "log_loss_mean": 0.707643,
  "log_loss_std": 0.135634,
  "log_loss_values": [
    0.695496,
    0.58316,
    0.817409,
    0.707734,
    0.613456,
    0.585774,
    0.950469
  ],
  "accuracy_ci_lower": 0.608798,
  "precision_macro_ci_lower": 0.608767,
  "recall_macro_ci_lower": 0.608921,
  "f1_macro_ci_lower": 0.608647,
  "f1_weighted_ci_lower": 0.609161,
  "roc_auc_ci_lower": 0.649434,
  "mcc_ci_lower": 0.21769,
  "accuracy_ci_upper": 0.646122,
  "precision_macro_ci_upper": 0.646038,
  "recall_macro_ci_upper": 0.646112,
  "f1_macro_ci_upper": 0.645855,
  "f1_weighted_ci_upper": 0.646337,
  "roc_auc_ci_upper": 0.690964,
  "mcc_ci_upper": 0.292151
}