{
  "experiment_id": "RandomForest_G4",
  "model": "RandomForest",
  "group": "G4",
  "n_features": 41,
  "accuracy_mean": 0.593761,
  "accuracy_std": 0.079239,
  "accuracy_values": [
    0.556548,
    0.68546,
    0.616071,
    0.592262,
    0.60119,
    0.661721,
    0.443077
  ],
  "precision_macro_mean": 0.640088,
  "precision_macro_std": 0.097625,
  "precision_macro_values": [
    0.664966,
    0.691079,
    0.678444,
    0.742958,
    0.600682,
    0.662087,
    0.440402
  ],
  "recall_macro_mean": 0.589403,
  "recall_macro_std": 0.074888,
  "recall_macro_values": [
    0.572298,
    0.654189,
    0.627453,
    0.567167,
    0.600482,
    0.662373,
    0.441856
  ],
  "f1_macro_mean": 0.560539,
  "f1_macro_std": 0.087836,
  "f1_macro_values": [
    0.492946,
    0.65305,
    0.591121,
    0.485601,
    0.600497,
    0.661647,
    0.438912
  ],
  "f1_weighted_mean": 0.563362,
  "f1_weighted_std": 0.089721,
  "f1_weighted_values": [
    0.485463,
    0.669098,
    0.586913,
    0.499544,
    0.600992,
    0.66187,
    0.439656
  ],
  "roc_auc_mean": 0.688855,
  "roc_auc_std": 0.104416,
  "roc_auc_values": [
    0.695723,
    0.735239,
    0.769264,
    0.744382,
    0.668712,
    0.74393,
    0.464735
  ],
  "mcc_mean": 0.218101,
  "mcc_std": 0.157284,
  "mcc_values": [
    0.218419,
    0.343291,
    0.301617,
    0.25549,
    0.201164,
    0.32446,
    -0.117733
  ],
  "log_loss_mean": 0.65687,
  "log_loss_std": 0.048165,
  "log_loss_values": [
    0.702167,
    0.618229,
    0.62213,
    0.657521,
    0.65317,
    0.606602,
    0.738271
  ],
  "accuracy_ci_lower": 0.57405,
  "accuracy_ci_upper": 0.615888,
  "precision_macro_ci_lower": 0.584857,
  "precision_macro_ci_upper": 0.626767,
  "recall_macro_ci_lower": 0.579289,
  "recall_macro_ci_upper": 0.619281,
  "f1_macro_ci_lower": 0.569005,
  "f1_macro_ci_upper": 0.610905,
  "f1_weighted_ci_lower": 0.566884,
  "f1_weighted_ci_upper": 0.609776,
  "roc_auc_ci_lower": 0.644487,
  "roc_auc_ci_upper": 0.6887,
  "mcc_ci_lower": 0.164701,
  "mcc_ci_upper": 0.246489
}