{
  "experiment_id": "RandomForest_G0",
  "model": "RandomForest",
  "group": "G0",
  "n_features": 5,
  "accuracy_mean": 0.49136,
  "accuracy_std": 0.032996,
  "accuracy_values": [
    0.505952,
    0.430267,
    0.479167,
    0.529762,
    0.511905,
    0.474777,
    0.507692
  ],
  "precision_macro_mean": 0.382136,
  "precision_macro_std": 0.121823,
  "precision_macro_values": [
    0.460985,
    0.481696,
    0.239583,
    0.264881,
    0.501166,
    0.472794,
    0.253846
  ],
  "recall_macro_mean": 0.496964,
  "recall_macro_std": 0.004491,
  "recall_macro_values": [
    0.488447,
    0.495044,
    0.5,
    0.5,
    0.500479,
    0.494777,
    0.5
  ],
  "f1_macro_mean": 0.360023,
  "f1_macro_std": 0.03275,
  "f1_macro_values": [
    0.387023,
    0.349107,
    0.323944,
    0.346304,
    0.419591,
    0.357459,
    0.336735
  ],
  "f1_weighted_mean": 0.357656,
  "f1_weighted_std": 0.04278,
  "f1_weighted_values": [
    0.398273,
    0.314324,
    0.310446,
    0.366917,
    0.42648,
    0.345238,
    0.341915
  ],
  "roc_auc_mean": 0.495852,
  "roc_auc_std": 0.046671,
  "roc_auc_values": [
    0.465555,
    0.469577,
    0.459308,
    0.515165,
    0.452339,
    0.576616,
    0.532405
  ],
  "mcc_mean": -0.01198,
  "mcc_std": 0.01699,
  "mcc_values": [
    -0.042461,
    -0.01905,
    0.0,
    0.0,
    0.001494,
    -0.023841,
    0.0
  ],
  "log_loss_mean": 0.769137,
  "log_loss_std": 0.05542,
  "log_loss_values": [
    0.70717,
    0.776018,
    0.880797,
    0.779123,
    0.729352,
    0.751766,
    0.759734
  ],
  "accuracy_ci_lower": 0.471191,
  "accuracy_ci_upper": 0.51131,
  "precision_macro_ci_lower": 0.476018,
  "precision_macro_ci_upper": 0.520239,
  "recall_macro_ci_lower": 0.480614,
  "recall_macro_ci_upper": 0.516463,
  "f1_macro_ci_lower": 0.449404,
  "f1_macro_ci_upper": 0.488349,
  "f1_weighted_ci_lower": 0.443639,
  "f1_weighted_ci_upper": 0.48656,
  "roc_auc_ci_lower": 0.485636,
  "roc_auc_ci_upper": 0.530253,
  "mcc_ci_lower": -0.043379,
  "mcc_ci_upper": 0.03635
}