{
  "experiment_id": "RandomForest_G2",
  "model": "RandomForest",
  "group": "G2",
  "n_features": 23,
  "accuracy_mean": 0.601591,
  "accuracy_std": 0.07112,
  "accuracy_values": [
    0.577381,
    0.676558,
    0.592262,
    0.568452,
    0.619048,
    0.694362,
    0.483077
  ],
  "precision_macro_mean": 0.650386,
  "precision_macro_std": 0.089398,
  "precision_macro_values": [
    0.634122,
    0.673759,
    0.658271,
    0.775542,
    0.633235,
    0.697412,
    0.480358
  ],
  "recall_macro_mean": 0.596672,
  "recall_macro_std": 0.070247,
  "recall_macro_values": [
    0.589565,
    0.650133,
    0.604596,
    0.541139,
    0.613391,
    0.696534,
    0.481345
  ],
  "f1_macro_mean": 0.56544,
  "f1_macro_std": 0.092814,
  "f1_macro_values": [
    0.544715,
    0.650511,
    0.559987,
    0.431313,
    0.601763,
    0.694265,
    0.475524
  ],
  "f1_weighted_mean": 0.568898,
  "f1_weighted_std": 0.091606,
  "f1_weighted_values": [
    0.539634,
    0.66495,
    0.555021,
    0.447936,
    0.604232,
    0.694023,
    0.476493
  ],
  "roc_auc_mean": 0.692816,
  "roc_auc_std": 0.098995,
  "roc_auc_values": [
    0.689902,
    0.748937,
    0.7611,
    0.740933,
    0.659456,
    0.763022,
    0.486364
  ],
  "mcc_mean": 0.23057,
  "mcc_std": 0.134729,
  "mcc_values": [
    0.219204,
    0.323029,
    0.257329,
    0.212937,
    0.245826,
    0.393946,
    -0.038284
  ],
  "log_loss_mean": 0.655987,
  "log_loss_std": 0.050431,
  "log_loss_values": [
    0.691796,
    0.6077,
    0.627258,
    0.682284,
    0.649108,
    0.596723,
    0.737038
  ],
  "accuracy_ci_lower": 0.581733,
  "accuracy_ci_upper": 0.622279,
  "precision_macro_ci_lower": 0.591265,
  "precision_macro_ci_upper": 0.632329,
  "recall_macro_ci_lower": 0.586969,
  "recall_macro_ci_upper": 0.62542,
  "f1_macro_ci_lower": 0.578364,
  "f1_macro_ci_upper": 0.618545,
  "f1_weighted_ci_lower": 0.576563,
  "f1_weighted_ci_upper": 0.617585,
  "roc_auc_ci_lower": 0.646689,
  "roc_auc_ci_upper": 0.690812,
  "mcc_ci_lower": 0.178148,
  "mcc_ci_upper": 0.258197
}