{
  "experiment_id": "RandomForest_G3",
  "model": "RandomForest",
  "group": "G3",
  "n_features": 33,
  "accuracy_mean": 0.668205,
  "accuracy_std": 0.109162,
  "accuracy_values": [
    0.580357,
    0.744807,
    0.720238,
    0.666667,
    0.717262,
    0.780415,
    0.467692
  ],
  "precision_macro_mean": 0.701621,
  "precision_macro_std": 0.106009,
  "precision_macro_values": [
    0.710305,
    0.759407,
    0.724647,
    0.751449,
    0.717045,
    0.780432,
    0.468059
  ],
  "recall_macro_mean": 0.664192,
  "recall_macro_std": 0.104311,
  "recall_macro_values": [
    0.595901,
    0.717684,
    0.722733,
    0.648059,
    0.716745,
    0.779185,
    0.469034
  ],
  "f1_macro_mean": 0.649233,
  "f1_macro_std": 0.117598,
  "f1_macro_values": [
    0.522453,
    0.721755,
    0.71999,
    0.619771,
    0.716838,
    0.779559,
    0.464264
  ],
  "f1_weighted_mean": 0.6511,
  "f1_weighted_std": 0.120178,
  "f1_weighted_values": [
    0.515524,
    0.733875,
    0.719643,
    0.62772,
    0.717164,
    0.780171,
    0.463604
  ],
  "roc_auc_mean": 0.76935,
  "roc_auc_std": 0.12092,
  "roc_auc_values": [
    0.796167,
    0.814974,
    0.811109,
    0.804366,
    0.798433,
    0.860778,
    0.499621
  ],
  "mcc_mean": 0.36044,
  "mcc_std": 0.204734,
  "mcc_values": [
    0.284031,
    0.475264,
    0.447375,
    0.385898,
    0.433791,
    0.559617,
    -0.062899
  ],
  "log_loss_mean": 0.601684,
  "log_loss_std": 0.068013,
  "log_loss_values": [
    0.640809,
    0.560259,
    0.550449,
    0.606103,
    0.589328,
    0.532869,
    0.731971
  ],
  "accuracy_ci_lower": 0.650875,
  "accuracy_ci_upper": 0.688434,
  "precision_macro_ci_lower": 0.656048,
  "precision_macro_ci_upper": 0.691338,
  "recall_macro_ci_lower": 0.653928,
  "recall_macro_ci_upper": 0.689539,
  "f1_macro_ci_lower": 0.65032,
  "f1_macro_ci_upper": 0.687625,
  "f1_weighted_ci_lower": 0.649775,
  "f1_weighted_ci_upper": 0.687304,
  "roc_auc_ci_lower": 0.732002,
  "roc_auc_ci_upper": 0.76976,
  "mcc_ci_lower": 0.310144,
  "mcc_ci_upper": 0.380889
}