{
  "experiment_id": "RandomForest_G5",
  "model": "RandomForest",
  "group": "G5",
  "n_features": 51,
  "accuracy_mean": 0.668692,
  "accuracy_std": 0.105785,
  "accuracy_values": [
    0.571429,
    0.72997,
    0.708333,
    0.684524,
    0.720238,
    0.78635,
    0.48
  ],
  "precision_macro_mean": 0.707628,
  "precision_macro_std": 0.103212,
  "precision_macro_values": [
    0.735548,
    0.746406,
    0.715219,
    0.769301,
    0.720157,
    0.786011,
    0.480757
  ],
  "recall_macro_mean": 0.664952,
  "recall_macro_std": 0.100723,
  "recall_macro_values": [
    0.588075,
    0.700202,
    0.711553,
    0.66669,
    0.720345,
    0.786455,
    0.481345
  ],
  "f1_macro_mean": 0.648302,
  "f1_macro_std": 0.11672,
  "f1_macro_values": [
    0.501299,
    0.702738,
    0.70767,
    0.643483,
    0.720149,
    0.786122,
    0.476651
  ],
  "f1_weighted_mean": 0.650053,
  "f1_weighted_std": 0.11971,
  "f1_weighted_values": [
    0.493506,
    0.716354,
    0.70709,
    0.650684,
    0.720298,
    0.786433,
    0.476006
  ],
  "roc_auc_mean": 0.768237,
  "roc_auc_std": 0.122186,
  "roc_auc_values": [
    0.799361,
    0.799185,
    0.801633,
    0.819194,
    0.804887,
    0.858131,
    0.495265
  ],
  "mcc_mean": 0.365408,
  "mcc_std": 0.196011,
  "mcc_values": [
    0.288068,
    0.444212,
    0.426756,
    0.423745,
    0.440502,
    0.572466,
    -0.037894
  ],
  "log_loss_mean": 0.611667,
  "log_loss_std": 0.062802,
  "log_loss_values": [
    0.656364,
    0.575499,
    0.568788,
    0.603977,
    0.602976,
    0.54457,
    0.729494
  ],
  "accuracy_ci_lower": 0.650875,
  "accuracy_ci_upper": 0.688007,
  "precision_macro_ci_lower": 0.656922,
  "precision_macro_ci_upper": 0.692746,
  "recall_macro_ci_lower": 0.653909,
  "recall_macro_ci_upper": 0.689951,
  "f1_macro_ci_lower": 0.649998,
  "f1_macro_ci_upper": 0.687369,
  "f1_weighted_ci_lower": 0.649383,
  "f1_weighted_ci_upper": 0.687229,
  "roc_auc_ci_lower": 0.724494,
  "roc_auc_ci_upper": 0.762385,
  "mcc_ci_lower": 0.310661,
  "mcc_ci_upper": 0.382769
}