{
  "experiment_id": "RandomForest_G1",
  "model": "RandomForest",
  "group": "G1",
  "n_features": 15,
  "accuracy_mean": 0.509258,
  "accuracy_std": 0.021784,
  "accuracy_values": [
    0.520833,
    0.474777,
    0.485119,
    0.529762,
    0.526786,
    0.504451,
    0.523077
  ],
  "precision_macro_mean": 0.539502,
  "precision_macro_std": 0.035576,
  "precision_macro_values": [
    0.519663,
    0.520852,
    0.615964,
    0.51506,
    0.524578,
    0.54981,
    0.530585
  ],
  "recall_macro_mean": 0.514615,
  "recall_macro_std": 0.008269,
  "recall_macro_values": [
    0.519627,
    0.51532,
    0.505466,
    0.500711,
    0.521667,
    0.521333,
    0.518182
  ],
  "f1_macro_mean": 0.44026,
  "f1_macro_std": 0.069169,
  "f1_macro_values": [
    0.519604,
    0.455126,
    0.341303,
    0.357444,
    0.509543,
    0.432494,
    0.466304
  ],
  "f1_weighted_mean": 0.438653,
  "f1_weighted_std": 0.069759,
  "f1_weighted_values": [
    0.520616,
    0.439466,
    0.328479,
    0.37725,
    0.51228,
    0.423499,
    0.468982
  ],
  "roc_auc_mean": 0.54043,
  "roc_auc_std": 0.03172,
  "roc_auc_values": [
    0.522555,
    0.537849,
    0.48362,
    0.577194,
    0.56119,
    0.566206,
    0.534394
  ],
  "mcc_mean": 0.041492,
  "mcc_std": 0.018044,
  "mcc_values": [
    0.03929,
    0.035746,
    0.050352,
    0.006545,
    0.046153,
    0.065196,
    0.047163
  ],
  "log_loss_mean": 0.704448,
  "log_loss_std": 0.018305,
  "log_loss_values": [
    0.694286,
    0.706498,
    0.743617,
    0.696147,
    0.687727,
    0.700444,
    0.702418
  ],
  "accuracy_ci_lower": 0.48869,
  "accuracy_ci_upper": 0.530943,
  "precision_macro_ci_lower": 0.499613,
  "precision_macro_ci_upper": 0.545867,
  "recall_macro_ci_lower": 0.499704,
  "recall_macro_ci_upper": 0.534612,
  "f1_macro_ci_lower": 0.461179,
  "f1_macro_ci_upper": 0.501642,
  "f1_weighted_ci_lower": 0.454606,
  "f1_weighted_ci_upper": 0.49993,
  "roc_auc_ci_lower": 0.51316,
  "roc_auc_ci_upper": 0.558693,
  "mcc_ci_lower": -0.000676,
  "mcc_ci_upper": 0.079487
}