{
  "experiment_id": "XGBoost_G1",
  "model": "XGBoost",
  "group": "G1",
  "n_features": 15,
  "accuracy_mean": 0.526224,
  "accuracy_std": 0.019827,
  "accuracy_values": [
    0.517857,
    0.540059,
    0.494048,
    0.517857,
    0.556548,
    0.534125,
    0.523077
  ],
  "precision_macro_mean": 0.511809,
  "precision_macro_std": 0.042729,
  "precision_macro_values": [
    0.487273,
    0.532966,
    0.509115,
    0.429012,
    0.556726,
    0.539223,
    0.528347
  ],
  "recall_macro_mean": 0.519607,
  "recall_macro_std": 0.022788,
  "recall_macro_values": [
    0.498385,
    0.533415,
    0.506087,
    0.490186,
    0.55252,
    0.538096,
    0.518561
  ],
  "f1_macro_mean": 0.467226,
  "f1_macro_std": 0.077478,
  "f1_macro_values": [
    0.36707,
    0.532803,
    0.454941,
    0.362175,
    0.54609,
    0.532131,
    0.475375
  ],
  "f1_weighted_mean": 0.472581,
  "f1_weighted_std": 0.072379,
  "f1_weighted_values": [
    0.379942,
    0.541614,
    0.448858,
    0.380932,
    0.548141,
    0.530771,
    0.477809
  ],
  "roc_auc_mean": 0.519619,
  "roc_auc_std": 0.040916,
  "roc_auc_values": [
    0.483656,
    0.56483,
    0.493594,
    0.458541,
    0.55619,
    0.547678,
    0.532841
  ],
  "mcc_mean": 0.035967,
  "mcc_std": 0.055437,
  "mcc_values": [
    -0.009067,
    0.066379,
    0.014897,
    -0.052788,
    0.109164,
    0.077311,
    0.045875
  ],
  "log_loss_mean": 0.69689,
  "log_loss_std": 0.011799,
  "log_loss_values": [
    0.693038,
    0.685548,
    0.722341,
    0.693299,
    0.691758,
    0.694779,
    0.697467
  ],
  "accuracy_ci_lower": 0.506615,
  "accuracy_ci_upper": 0.546735,
  "precision_macro_ci_lower": 0.509835,
  "precision_macro_ci_upper": 0.548773,
  "recall_macro_ci_lower": 0.509634,
  "recall_macro_ci_upper": 0.547832,
  "f1_macro_ci_lower": 0.505468,
  "f1_macro_ci_upper": 0.544761,
  "f1_weighted_ci_lower": 0.504324,
  "f1_weighted_ci_upper": 0.544559,
  "roc_auc_ci_lower": 0.509052,
  "roc_auc_ci_upper": 0.555508,
  "mcc_ci_lower": 0.019469,
  "mcc_ci_upper": 0.0966
}