{
  "experiment_id": "XGBoost_G0",
  "model": "XGBoost",
  "group": "G0",
  "n_features": 5,
  "accuracy_mean": 0.495183,
  "accuracy_std": 0.032168,
  "accuracy_values": [
    0.520833,
    0.439169,
    0.479167,
    0.529762,
    0.514881,
    0.474777,
    0.507692
  ],
  "precision_macro_mean": 0.376166,
  "precision_macro_std": 0.162429,
  "precision_macro_values": [
    0.260417,
    0.537592,
    0.239583,
    0.264881,
    0.638889,
    0.437952,
    0.253846
  ],
  "recall_macro_mean": 0.504561,
  "recall_macro_std": 0.010929,
  "recall_macro_values": [
    0.5,
    0.507371,
    0.5,
    0.5,
    0.528192,
    0.496365,
    0.5
  ],
  "f1_macro_mean": 0.347554,
  "f1_macro_std": 0.026233,
  "f1_macro_values": [
    0.342466,
    0.348029,
    0.323944,
    0.346304,
    0.40386,
    0.331537,
    0.336735
  ],
  "f1_weighted_mean": 0.343017,
  "f1_weighted_std": 0.032415,
  "f1_weighted_values": [
    0.356735,
    0.311139,
    0.310446,
    0.366917,
    0.396203,
    0.317763,
    0.341915
  ],
  "roc_auc_mean": 0.508717,
  "roc_auc_std": 0.042323,
  "roc_auc_values": [
    0.450186,
    0.493512,
    0.5,
    0.5,
    0.528051,
    0.589268,
    0.5
  ],
  "mcc_mean": 0.018344,
  "mcc_std": 0.050527,
  "mcc_values": [
    0.0,
    0.033293,
    0.0,
    0.0,
    0.12515,
    -0.030036,
    0.0
  ],
  "log_loss_mean": 0.699924,
  "log_loss_std": 0.011881,
  "log_loss_values": [
    0.692867,
    0.719632,
    0.694431,
    0.69189,
    0.692938,
    0.714678,
    0.693032
  ],
  "accuracy_ci_lower": 0.475448,
  "accuracy_ci_upper": 0.515589,
  "precision_macro_ci_lower": 0.4831,
  "precision_macro_ci_upper": 0.540018,
  "recall_macro_ci_lower": 0.490972,
  "recall_macro_ci_upper": 0.521422,
  "f1_macro_ci_lower": 0.41705,
  "f1_macro_ci_upper": 0.456184,
  "f1_weighted_ci_lower": 0.408021,
  "f1_weighted_ci_upper": 0.454053,
  "roc_auc_ci_lower": 0.475901,
  "roc_auc_ci_upper": 0.521854,
  "mcc_ci_lower": -0.024827,
  "mcc_ci_upper": 0.058535
}