{
  "experiment_id": "XGBoost_G4",
  "model": "XGBoost",
  "group": "G4",
  "n_features": 41,
  "accuracy_mean": 0.650063,
  "accuracy_std": 0.077184,
  "accuracy_values": [
    0.639881,
    0.718101,
    0.669643,
    0.645833,
    0.672619,
    0.715134,
    0.489231
  ],
  "precision_macro_mean": 0.67546,
  "precision_macro_std": 0.08947,
  "precision_macro_values": [
    0.654762,
    0.735761,
    0.763926,
    0.692984,
    0.674817,
    0.715511,
    0.490456
  ],
  "recall_macro_mean": 0.646144,
  "recall_macro_std": 0.074037,
  "recall_macro_values": [
    0.645342,
    0.686216,
    0.681615,
    0.629107,
    0.673925,
    0.715891,
    0.490909
  ],
  "f1_macro_mean": 0.63518,
  "f1_macro_std": 0.07564,
  "f1_macro_values": [
    0.635931,
    0.687149,
    0.645903,
    0.605863,
    0.672433,
    0.715071,
    0.48391
  ],
  "f1_weighted_mean": 0.637482,
  "f1_weighted_std": 0.077319,
  "f1_weighted_values": [
    0.63435,
    0.702041,
    0.642083,
    0.613334,
    0.672201,
    0.715259,
    0.483104
  ],
  "roc_auc_mean": 0.740881,
  "roc_auc_std": 0.130168,
  "roc_auc_values": [
    0.714818,
    0.80863,
    0.878474,
    0.756294,
    0.772616,
    0.786702,
    0.468636
  ],
  "mcc_mean": 0.319156,
  "mcc_std": 0.159179,
  "mcc_values": [
    0.299956,
    0.419058,
    0.437872,
    0.315693,
    0.348741,
    0.431402,
    -0.01863
  ],
  "log_loss_mean": 0.626718,
  "log_loss_std": 0.106948,
  "log_loss_values": [
    0.657164,
    0.542507,
    0.598339,
    0.621623,
    0.563328,
    0.553011,
    0.851054
  ],
  "accuracy_ci_lower": 0.631231,
  "accuracy_ci_upper": 0.669665,
  "precision_macro_ci_lower": 0.635014,
  "precision_macro_ci_upper": 0.673701,
  "recall_macro_ci_lower": 0.633454,
  "recall_macro_ci_upper": 0.6712,
  "f1_macro_ci_lower": 0.630573,
  "f1_macro_ci_upper": 0.668822,
  "f1_weighted_ci_lower": 0.630038,
  "f1_weighted_ci_upper": 0.66851,
  "roc_auc_ci_lower": 0.692094,
  "roc_auc_ci_upper": 0.733467,
  "mcc_ci_lower": 0.268313,
  "mcc_ci_upper": 0.345287
}