{
  "experiment_id": "XGBoost_G2",
  "model": "XGBoost",
  "group": "G2",
  "n_features": 23,
  "accuracy_mean": 0.683252,
  "accuracy_std": 0.091216,
  "accuracy_values": [
    0.696429,
    0.718101,
    0.744048,
    0.66369,
    0.669643,
    0.789318,
    0.501538
  ],
  "precision_macro_mean": 0.71168,
  "precision_macro_std": 0.094709,
  "precision_macro_values": [
    0.717623,
    0.72443,
    0.77832,
    0.749342,
    0.713163,
    0.790884,
    0.508
  ],
  "recall_macro_mean": 0.678447,
  "recall_macro_std": 0.091186,
  "recall_macro_values": [
    0.70236,
    0.691731,
    0.751056,
    0.644894,
    0.662523,
    0.790884,
    0.505682
  ],
  "f1_macro_mean": 0.663084,
  "f1_macro_std": 0.104394,
  "f1_macro_values": [
    0.692495,
    0.694318,
    0.739159,
    0.615456,
    0.645903,
    0.789318,
    0.464939
  ],
  "f1_weighted_mean": 0.665748,
  "f1_weighted_std": 0.104935,
  "f1_weighted_values": [
    0.691046,
    0.707221,
    0.737671,
    0.623562,
    0.648632,
    0.789318,
    0.462786
  ],
  "roc_auc_mean": 0.776599,
  "roc_auc_std": 0.135886,
  "roc_auc_values": [
    0.75583,
    0.804052,
    0.88614,
    0.809913,
    0.819497,
    0.875494,
    0.485265
  ],
  "mcc_mean": 0.387273,
  "mcc_std": 0.182406,
  "mcc_values": [
    0.419706,
    0.414875,
    0.528673,
    0.380148,
    0.372258,
    0.581769,
    0.013484
  ],
  "log_loss_mean": 0.61166,
  "log_loss_std": 0.1706,
  "log_loss_values": [
    0.617783,
    0.550212,
    0.510918,
    0.608339,
    0.557977,
    0.458317,
    0.978071
  ],
  "accuracy_ci_lower": 0.665386,
  "accuracy_ci_upper": 0.701676,
  "precision_macro_ci_lower": 0.665005,
  "precision_macro_ci_upper": 0.701629,
  "recall_macro_ci_lower": 0.665107,
  "recall_macro_ci_upper": 0.701677,
  "f1_macro_ci_lower": 0.664958,
  "f1_macro_ci_upper": 0.701601,
  "f1_weighted_ci_lower": 0.665647,
  "f1_weighted_ci_upper": 0.701793,
  "roc_auc_ci_lower": 0.722432,
  "roc_auc_ci_upper": 0.762013,
  "mcc_ci_lower": 0.330198,
  "mcc_ci_upper": 0.403355
}