{
  "experiment_id": "XGBoost_G3",
  "model": "XGBoost",
  "group": "G3",
  "n_features": 33,
  "accuracy_mean": 0.71377,
  "accuracy_std": 0.105419,
  "accuracy_values": [
    0.767857,
    0.780415,
    0.755952,
    0.6875,
    0.738095,
    0.780415,
    0.486154
  ],
  "precision_macro_mean": 0.723037,
  "precision_macro_std": 0.107424,
  "precision_macro_values": [
    0.768315,
    0.800293,
    0.756406,
    0.7152,
    0.749331,
    0.784437,
    0.487274
  ],
  "recall_macro_mean": 0.709795,
  "recall_macro_std": 0.103302,
  "recall_macro_values": [
    0.768696,
    0.755046,
    0.75677,
    0.675188,
    0.741055,
    0.782891,
    0.48892
  ],
  "f1_macro_mean": 0.705666,
  "f1_macro_std": 0.110184,
  "f1_macro_values": [
    0.767824,
    0.761459,
    0.755918,
    0.667192,
    0.736518,
    0.780321,
    0.470431
  ],
  "f1_weighted_mean": 0.707536,
  "f1_weighted_std": 0.1113,
  "f1_weighted_values": [
    0.767939,
    0.771636,
    0.756039,
    0.672085,
    0.735911,
    0.780118,
    0.469027
  ],
  "roc_auc_mean": 0.789368,
  "roc_auc_std": 0.129469,
  "roc_auc_values": [
    0.845182,
    0.849831,
    0.832334,
    0.801806,
    0.825207,
    0.87133,
    0.499886
  ],
  "mcc_mean": 0.432272,
  "mcc_std": 0.209644,
  "mcc_values": [
    0.53701,
    0.553493,
    0.513176,
    0.388332,
    0.490315,
    0.567326,
    -0.023749
  ],
  "log_loss_mean": 0.571551,
  "log_loss_std": 0.158585,
  "log_loss_values": [
    0.496815,
    0.50378,
    0.507085,
    0.579409,
    0.525545,
    0.465705,
    0.922519
  ],
  "accuracy_ci_lower": 0.697397,
  "accuracy_ci_upper": 0.734528,
  "precision_macro_ci_lower": 0.697711,
  "precision_macro_ci_upper": 0.734315,
  "recall_macro_ci_lower": 0.697725,
  "recall_macro_ci_upper": 0.734656,
  "f1_macro_ci_lower": 0.697382,
  "f1_macro_ci_upper": 0.734452,
  "f1_weighted_ci_lower": 0.697454,
  "f1_weighted_ci_upper": 0.734558,
  "roc_auc_ci_lower": 0.764976,
  "roc_auc_ci_upper": 0.801089,
  "mcc_ci_lower": 0.395549,
  "mcc_ci_upper": 0.469092
}