{
  "experiment_id": "XGBoost_G5",
  "model": "XGBoost",
  "group": "G5",
  "n_features": 51,
  "accuracy_mean": 0.711785,
  "accuracy_std": 0.092357,
  "accuracy_values": [
    0.770833,
    0.750742,
    0.75,
    0.720238,
    0.693452,
    0.783383,
    0.513846
  ],
  "precision_macro_mean": 0.723772,
  "precision_macro_std": 0.096092,
  "precision_macro_values": [
    0.790403,
    0.77954,
    0.751304,
    0.733386,
    0.708834,
    0.786235,
    0.516703
  ],
  "recall_macro_mean": 0.708089,
  "recall_macro_std": 0.091042,
  "recall_macro_values": [
    0.776025,
    0.719162,
    0.751304,
    0.711776,
    0.69717,
    0.785467,
    0.51572
  ],
  "f1_macro_mean": 0.704706,
  "f1_macro_std": 0.092944,
  "f1_macro_values": [
    0.768866,
    0.722797,
    0.75,
    0.710377,
    0.69009,
    0.783352,
    0.507462
  ],
  "f1_weighted_mean": 0.70666,
  "f1_weighted_std": 0.093763,
  "f1_weighted_values": [
    0.767977,
    0.736116,
    0.75,
    0.713558,
    0.689129,
    0.783238,
    0.5066
  ],
  "roc_auc_mean": 0.794368,
  "roc_auc_std": 0.129473,
  "roc_auc_values": [
    0.85913,
    0.849074,
    0.835492,
    0.820047,
    0.819639,
    0.873024,
    0.504167
  ],
  "mcc_mean": 0.43121,
  "mcc_std": 0.185747,
  "mcc_values": [
    0.566246,
    0.495034,
    0.502609,
    0.444637,
    0.405837,
    0.571702,
    0.032408
  ],
  "log_loss_mean": 0.56247,
  "log_loss_std": 0.128673,
  "log_loss_values": [
    0.51193,
    0.518991,
    0.504587,
    0.538419,
    0.544664,
    0.469774,
    0.848927
  ],
  "accuracy_ci_lower": 0.695689,
  "accuracy_ci_upper": 0.731541,
  "precision_macro_ci_lower": 0.696034,
  "precision_macro_ci_upper": 0.732003,
  "recall_macro_ci_lower": 0.695779,
  "recall_macro_ci_upper": 0.732176,
  "f1_macro_ci_lower": 0.695429,
  "f1_macro_ci_upper": 0.731508,
  "f1_weighted_ci_lower": 0.695636,
  "f1_weighted_ci_upper": 0.731517,
  "roc_auc_ci_lower": 0.771692,
  "roc_auc_ci_upper": 0.807432,
  "mcc_ci_lower": 0.391561,
  "mcc_ci_upper": 0.464136
}