{
  "fold_summaries": [
    {
      "fold": 1,
      "year": 2019,
      "mcc": 0.6809677654793033,
      "n_test": 365,
      "K": 4,
      "mean_attn_to_matrix": [
        [
          0.20228923857212067,
          0.1746818721294403,
          0.3085634708404541,
          0.31446540355682373
        ],
        [
          0.1542762815952301,
          0.1739441156387329,
          0.26323533058166504,
          0.4085443317890167
        ],
        [
          0.20341210067272186,
          0.15345710515975952,
          0.2980400323867798,
          0.3450906574726105
        ],
        [
          0.1890840083360672,
          0.16554856300354004,
          0.2733633518218994,
          0.37200406193733215
        ]
      ],
      "mean_attn_ot_matrix": [
        [
          0.06943151354789734,
          0.3511365056037903,
          0.45799553394317627,
          0.12143642455339432
        ],
        [
          0.08662872016429901,
          0.3510185480117798,
          0.44486358761787415,
          0.11748914420604706
        ],
        [
          0.06445043534040451,
          0.3553129732608795,
          0.4573802351951599,
          0.12285632640123367
        ],
        [
          0.07399962097406387,
          0.3715365529060364,
          0.42979785799980164,
          0.12466596812009811
        ]
      ],
      "mean_conc_to": 0.23323716524268823,
      "std_conc_to": 0.09040603976933242,
      "mean_conc_ot": 0.36795387543775576,
      "std_conc_ot": 0.13966399265089424
    },
    {
      "fold": 2,
      "year": 2020,
      "mcc": 0.652210993458891,
      "n_test": 366,
      "K": 4,
      "mean_attn_to_matrix": [
        [
          0.2866639792919159,
          0.18880979716777802,
          0.30297037959098816,
          0.22155585885047913
        ],
        [
          0.2652588188648224,
          0.19801408052444458,
          0.3297243118286133,
          0.20700281858444214
        ],
        [
          0.28350698947906494,
          0.1909908503293991,
          0.3378479778766632,
          0.18765424191951752
        ],
        [
          0.278834730386734,
          0.18646855652332306,
          0.34288930892944336,
          0.1918073296546936
        ]
      ],
      "mean_attn_ot_matrix": [
        [
          0.27513548731803894,
          0.20194068551063538,
          0.26936158537864685,
          0.25356221199035645
        ],
        [
          0.2874569892883301,
          0.21910564601421356,
          0.259055495262146,
          0.23438189923763275
        ],
        [
          0.34051066637039185,
          0.21756064891815186,
          0.22397659718990326,
          0.21795204281806946
        ],
        [
          0.3224536180496216,
          0.2015601396560669,
          0.23823276162147522,
          0.23775331676006317
        ]
      ],
      "mean_conc_to": 0.18568179542034485,
      "std_conc_to": 0.12060061378949341,
      "mean_conc_ot": 0.1603375531038172,
      "std_conc_ot": 0.1326803161351077
    },
    {
      "fold": 3,
      "year": 2021,
      "mcc": 0.727138870781187,
      "n_test": 365,
      "K": 4,
      "mean_attn_to_matrix": [
        [
          0.2718571424484253,
          0.2174306958913803,
          0.4367212653160095,
          0.07399093359708786
        ],
        [
          0.2720586359500885,
          0.21745076775550842,
          0.4365035891532898,
          0.07398707419633865
        ],
        [
          0.13883280754089355,
          0.4307803213596344,
          0.19886301457881927,
          0.23152363300323486
        ],
        [
          0.2541328966617584,
          0.21812804043293,
          0.4536149203777313,
          0.0741240531206131
        ]
      ],
      "mean_attn_ot_matrix": [
        [
          0.28189802169799805,
          0.2484474778175354,
          0.46635228395462036,
          0.003302329918369651
        ],
        [
          0.33178097009658813,
          0.2503000795841217,
          0.3745271563529968,
          0.043391723185777664
        ],
        [
          0.2720891535282135,
          0.2404548078775406,
          0.48396870493888855,
          0.003487356472760439
        ],
        [
          0.30032673478126526,
          0.2435813993215561,
          0.4414995312690735,
          0.014592325314879417
        ]
      ],
      "mean_conc_to": 0.2547275006306848,
      "std_conc_to": 0.11318431165660062,
      "mean_conc_ot": 0.3294732873907153,
      "std_conc_ot": 0.1228688400204826
    },
    {
      "fold": 4,
      "year": 2022,
      "mcc": 0.603535088056712,
      "n_test": 365,
      "K": 4,
      "mean_attn_to_matrix": [
        [
          0.2630036771297455,
          0.2117743343114853,
          0.22198033332824707,
          0.3032415509223938
        ],
        [
          0.3531814217567444,
          0.16947941482067108,
          0.1535099893808365,
          0.32382911443710327
        ],
        [
          0.2412881702184677,
          0.19255347549915314,
          0.3226011097431183,
          0.24355727434158325
        ],
        [
          0.2824224531650543,
          0.19700628519058228,
          0.22782258689403534,
          0.29274871945381165
        ]
      ],
      "mean_attn_ot_matrix": [
        [
          0.1404789835214615,
          0.5181978940963745,
          0.23385117948055267,
          0.10747206211090088
        ],
        [
          0.17960165441036224,
          0.4782108664512634,
          0.23591366410255432,
          0.10627397149801254
        ],
        [
          0.17850583791732788,
          0.4782685935497284,
          0.2383129745721817,
          0.10491244494915009
        ],
        [
          0.1666770577430725,
          0.47550973296165466,
          0.2584100663661957,
          0.09940294921398163
        ]
      ],
      "mean_conc_to": 0.28135577489423946,
      "std_conc_to": 0.14458901803610266,
      "mean_conc_ot": 0.32439340785555065,
      "std_conc_ot": 0.18470148551363352
    },
    {
      "fold": 5,
      "year": 2023,
      "mcc": 0.6120453730130536,
      "n_test": 365,
      "K": 4,
      "mean_attn_to_matrix": [
        [
          0.26312145590782166,
          0.19373050332069397,
          0.23860099911689758,
          0.30454695224761963
        ],
        [
          0.13802582025527954,
          0.21815738081932068,
          0.16417591273784637,
          0.479640930891037
        ],
        [
          0.26636362075805664,
          0.20112177729606628,
          0.24174194037914276,
          0.2907724976539612
        ],
        [
          0.2664041519165039,
          0.20132027566432953,
          0.24179568886756897,
          0.29047995805740356
        ]
      ],
      "mean_attn_ot_matrix": [
        [
          0.5557411313056946,
          0.34827911853790283,
          0.0421411357820034,
          0.05383872985839844
        ],
        [
          0.5623506903648376,
          0.3431513011455536,
          0.04152161255478859,
          0.052976351231336594
        ],
        [
          0.575040876865387,
          0.3483162224292755,
          0.03478856012225151,
          0.04185440018773079
        ],
        [
          0.7135543823242188,
          0.2239820957183838,
          0.031141912564635277,
          0.031321439892053604
        ]
      ],
      "mean_conc_to": 0.3052510980024511,
      "std_conc_to": 0.2341902820836796,
      "mean_conc_ot": 0.7884037174802132,
      "std_conc_ot": 0.2052919686980745
    },
    {
      "fold": 6,
      "year": 2024,
      "mcc": 0.7638220643574606,
      "n_test": 366,
      "K": 4,